{
  "project_info": {
    "project_number": "317735736909",
    "project_id": "skincareapp-82c93",
    "storage_bucket": "skincareapp-82c93.firebasestorage.app"
  },
  "client": [
    {
      "client_info": {
        "mobilesdk_app_id": "1:317735736909:android:601cd997c717e2410d6e04",
        "android_client_info": {
          "package_name": "com.example.skincare_tracker"
        }
      },
      "oauth_client": [],
      "api_key": [
        {
          "current_key": "AIzaSyAGV-ZFfnAGb6NA7ULXx0DP4YzgWrDt9jo"
        }
      ],
      "services": {
        "appinvite_service": {
          "other_platform_oauth_client": []
        }
      }
    }
  ],
  "configuration_version": "1"
}